https://www.linkedin.com/company/adp,ADP,2018-10-19T05:40:13.717Z
https://www.linkedin.com/company/aia-australia/,AIA Australia,2018-10-19T05:39:35.197Z
https://www.linkedin.com/company/alter-domus/,Alter Domus,2018-10-19T05:39:59.451Z
https://www.linkedin.com/company/aps-group,APS,2018-10-19T05:40:05.958Z
https://www.linkedin.com/company/auslink-consulting-group/,Auslink Consulting Group,2018-10-19T05:40:14.716Z
https://www.linkedin.com/company/avenir-capital/,AvenirCapital,2018-10-19T05:40:08.212Z
https://www.linkedin.com/company/aveogroup/,AveoGroup,2018-10-19T05:40:00.924Z
https://www.linkedin.com/company/bank-sa,BankSA,2018-10-19T05:40:02.610Z
https://www.linkedin.com/company/bluescope-steel,Blue Scope,2018-10-19T05:40:16.043Z
https://www.linkedin.com/company/carlton-united-breweries/,Carlton and United Breweries,2018-10-19T05:39:36.754Z
https://www.linkedin.com/company/centric-wealth/,CentricWealth,2018-10-19T05:40:09.234Z
https://www.linkedin.com/company/chandler-macleod/,Chandler Macleod Group,2018-10-19T05:39:33.562Z
https://www.linkedin.com/company/chubb/,Chubb,2018-10-19T05:40:05.122Z
https://www.linkedin.com/company/collection-house/,Collection House Group,2018-10-19T05:39:13.218Z
https://www.linkedin.com/company/cpa-australia/,CPA Australia,2018-10-19T05:39:42.503Z
https://www.linkedin.com/company/csg-talent/,CSG:The Global Talent Experts,2018-10-19T05:39:34.447Z
https://www.linkedin.com/company/dfp-recruitment,DFP Recruitment,2018-10-19T05:39:17.766Z
https://www.linkedin.com/company/equity-trustees/,Equity Trustees,2018-10-19T05:39:40.389Z
https://www.linkedin.com/company/federal-group_3,FederalGroup,2018-10-19T05:40:09.884Z
https://www.linkedin.com/company/futureyou-executive-recruitment,Future You,2018-10-19T05:39:35.858Z
https://www.linkedin.com/company/gbst,GBST,2018-10-19T05:40:04.014Z
https://www.linkedin.com/company/genuine-parts-company,Genuine Parts Company,2018-10-19T05:39:39.726Z
https://www.linkedin.com/company/greenstone-pty-ltd/,Greenstone Financial Services,2018-10-19T05:39:08.886Z
https://www.linkedin.com/company/ignite_4/,Ignite,2018-10-19T05:39:10.413Z
https://www.linkedin.com/company/infosys/,Infosys,2018-10-19T05:40:00.260Z
https://www.linkedin.com/company/intuit/,Intuit,2018-10-19T05:39:11.147Z
https://www.linkedin.com/company/invoice2go/,Invoice2go,2018-10-19T05:39:11.880Z
https://www.linkedin.com/company/jetstar-airways/,JetstarAirways,2018-10-19T05:40:10.634Z
https://www.linkedin.com/company/lotus-people-au,LotusPeopleAU,2018-10-19T05:40:01.802Z
https://www.linkedin.com/company/maxcap-group,Max Cap Group,2018-10-19T05:39:38.150Z
https://www.linkedin.com/company/munro-footwear-group,Munro Footwear Group,2018-10-19T05:39:41.191Z
https://www.linkedin.com/company/new-zealand-transport-agency,NZ Transport Agency,2018-10-19T05:40:12.059Z
https://www.linkedin.com/company/optiver-asia-pacific,OptiverAsiaPacific,2018-10-19T05:40:03.247Z
https://www.linkedin.com/company/page-executive/,Page Executive,2018-10-19T05:39:57.556Z
https://www.linkedin.com/company/qudos-bank,Qudos Bank,2018-10-19T05:39:12.405Z
https://www.linkedin.com/company/quinn-allan/,Quinn Alla,2018-10-19T05:39:19.571Z
https://www.linkedin.com/company/recruitment-group-australia-pty-ltd/,Recruitment Group Australia Pty Ltd,2018-10-19T05:39:58.380Z
https://www.linkedin.com/company/scottish-pacific-debtor-finance/,Scottish Pacific Business Finance,2018-10-19T05:39:09.762Z
https://www.linkedin.com/company/spring-professional/,Spring Professional,2018-10-19T05:39:43.360Z
https://www.linkedin.com/company/square--/,Square,2018-10-19T05:40:12.991Z
https://www.linkedin.com/company/theadeccogroup,The Adecco Group,2018-10-19T05:39:14.713Z
https://www.linkedin.com/company/the-recruitment-alternative/,The Recruitment Alternative,2018-10-19T05:40:11.433Z
https://www.linkedin.com/company/treasury-corporation-pty-ltd/,TCorp,2018-10-19T05:39:13.973Z
https://www.linkedin.com/company/tyro-payments,Tyro Payments,2018-10-19T05:39:56.678Z
https://www.linkedin.com/company/victoria-police-force/,Victoria Police,2018-10-19T05:39:07.914Z
https://www.linkedin.com/company/wilson-select/,WilsonSelect,2018-10-19T05:40:07.344Z
https://www.linkedin.com/school/university-of-melbourne/,University of Melbourne,2018-10-19T05:39:18.803Z
linkedinUrl,query,timestamp
no url,Lease Plan Australia,2018-10-19T05:40:15.462Z
