https://au.linkedin.com/company/myskillsoft,MySkillSoft,2018-10-19T06:45:26.580Z
https://au.linkedin.com/company/s2m-digital,S2MDigitalRecruitment,2018-10-19T06:27:38.125Z
https://au.linkedin.com/company/weir-minerals-australia-ltd-,WeirMineralsAustraliaLtd.,2018-10-19T06:50:23.837Z
https://ca.linkedin.com/company/markinson-business-solutions,MarkinsonBusinessSoftwareSolutions,2018-10-19T06:26:48.397Z
https://ie.linkedin.com/company/evolve-information-services,EvolveInformationServices,2018-10-19T06:27:00.703Z
https://sg.linkedin.com/company/carecone?trk=jobs_jserp_job_listing_company_name,Carecone,2018-10-19T06:54:45.934Z
https://sg.linkedin.com/company/elmo-learning?trk=ppro_cprof,ELMOCloudHR and Payroll,2018-10-19T06:27:34.838Z
https://www.linkedin.com/company/23-degrees-consulting,23DegreesConsulting,2018-10-19T06:53:00.864Z
https://www.linkedin.com/company/4mation-technologies-pty-ltd,4mationTechnologies,2018-10-19T06:42:48.381Z
https://www.linkedin.com/company/90-seconds,90Seconds,2018-10-19T06:56:42.274Z
https://www.linkedin.com/company/ac3,AC3,2018-10-19T06:42:27.819Z
https://www.linkedin.com/company/accela-inc-,Accela,2018-10-19T06:43:41.283Z
https://www.linkedin.com/company/accentureaustralia,AccentureAustralia,2018-10-19T06:32:44.916Z
https://www.linkedin.com/company/aconex,Aconex,2018-10-19T06:31:19.834Z
https://www.linkedin.com/company/adeptis-group,AdeptisGroup,2018-10-19T06:41:25.362Z
https://www.linkedin.com/company/adp,ADP,2018-10-19T06:57:51.107Z
https://www.linkedin.com/company/affix,affix,2018-10-19T06:32:36.237Z
https://www.linkedin.com/company/agilent-technologies,AgilentTechnologies,2018-10-19T06:31:25.056Z
https://www.linkedin.com/company/ahm,ahmHealthInsurance,2018-10-19T06:40:25.641Z
https://www.linkedin.com/company/airtree-ventures,AirTreeVentures,2018-10-19T06:37:40.079Z
https://www.linkedin.com/company/amazon,Amazo,2018-10-19T06:27:49.437Z
https://www.linkedin.com/company/amazon-web-services,AmazonWebServices,2018-10-19T06:52:22.168Z
https://www.linkedin.com/company/amobee,Amobee,2018-10-19T06:40:46.113Z
https://www.linkedin.com/company/araza,Araza,2018-10-19T06:54:44.777Z
https://www.linkedin.com/company/asggroup,ASGGroup,2018-10-19T06:26:32.161Z
https://www.linkedin.com/company/atlassian,Atlassia,2018-10-19T06:51:06.064Z
https://www.linkedin.com/company/auror,Auror,2018-10-19T06:42:13.491Z
https://www.linkedin.com/company/auth0,Auth0,2018-10-19T06:51:53.382Z
https://www.linkedin.com/company/autodesk,Autodesk,2018-10-19T06:49:16.287Z
https://www.linkedin.com/company/avanade,Avanade,2018-10-19T06:52:14.660Z
https://www.linkedin.com/company/avoka,Avoka,2018-10-19T06:50:25.627Z
https://www.linkedin.com/company/bitdefender,Bitdefender,2018-10-19T06:47:06.812Z
https://www.linkedin.com/company/black-au,black.ai,2018-10-19T06:57:32.482Z
https://www.linkedin.com/company/bloc-technology,BlocTechnology,2018-10-19T06:55:16.478Z
https://www.linkedin.com/company/bluefin-resources,BluefinResources,2018-10-19T06:51:07.191Z
https://www.linkedin.com/company/bluescope-steel,BlueScope,2018-10-19T06:58:09.403Z
https://www.linkedin.com/company/boster-group,BolsterGroup,2018-10-19T06:30:04.953Z
https://www.linkedin.com/company/bottomline-technologies,BottomlineTechnologies,2018-10-19T06:43:07.815Z
https://www.linkedin.com/company/box,Box,2018-10-19T06:51:41.946Z
https://www.linkedin.com/company/bta,btaSales,2018-10-19T06:36:38.719Z
https://www.linkedin.com/company/calln,CallN,2018-10-19T06:54:11.927Z
https://www.linkedin.com/company/carsales.com.au,carsales.com.au,2018-10-19T06:27:21.477Z
https://www.linkedin.com/company/ceridian,Ceridia,2018-10-19T06:51:45.214Z
https://www.linkedin.com/company/checkmarx,Checkmarx,2018-10-19T06:51:11.664Z
https://www.linkedin.com/company/citak---modern-headhunters,Citak-ModernHeadhunters/CitakConsultingPteLtd,2018-10-19T06:32:39.716Z
https://www.linkedin.com/company/clixpert-pty-ltd,ClixpertPtyLtd,2018-10-19T06:49:15.146Z
https://www.linkedin.com/company/cloudera,Cloudera,2018-10-19T06:31:25.503Z
https://www.linkedin.com/company/cognizant,Cognizant,2018-10-19T06:29:40.462Z
https://www.linkedin.com/company/compass-education,CompassEducationAustralia,2018-10-19T06:26:24.051Z
https://www.linkedin.com/company/conduct-hq,ConductHQ,2018-10-19T06:31:49.695Z
https://www.linkedin.com/company/console-australia-new-zealand,ConsoleGroup,2018-10-19T06:49:40.702Z
https://www.linkedin.com/company/cpt-global,CPTGlobal,2018-10-19T06:39:47.317Z
https://www.linkedin.com/company/crossover-,CrossoverforWork,2018-10-19T06:26:44.379Z
https://www.linkedin.com/company/csbp-fertilisers,CSBPFertilisers,2018-10-19T06:30:38.339Z
https://www.linkedin.com/company/d2l,D2L,2018-10-19T06:31:21.807Z
https://www.linkedin.com/company/dassaultsystemes,DassaultSyst\\xe8mes,2018-10-19T06:32:02.552Z
https://www.linkedin.com/company/dell,Dell,2018-10-19T06:30:12.344Z
https://www.linkedin.com/company/denovo-consulting-group,DenovoConsulting,2018-10-19T06:41:32.739Z
https://www.linkedin.com/company/dialog-information-technology,DialogInformationTechnology,2018-10-19T06:35:54.960Z
https://www.linkedin.com/company/digicert-inc-,"DigiCert,Inc.",2018-10-19T06:53:01.944Z
https://www.linkedin.com/company/distinctconnect-pty-ltd,DistinctConnectPtyLtd,2018-10-19T06:50:24.825Z
https://www.linkedin.com/company/docusign,DocuSig,2018-10-19T06:35:36.911Z
https://www.linkedin.com/company/domo-inc-,"Domo,Inc.",2018-10-19T06:30:01.827Z
https://www.linkedin.com/company/dotmailer,dotmailer,2018-10-19T06:40:32.908Z
https://www.linkedin.com/company/dxctechnology,DXCTechnology,2018-10-19T06:31:02.467Z
https://www.linkedin.com/company/dynamo-recruitment,DynamoRecruitment,2018-10-19T06:38:41.294Z
https://www.linkedin.com/company/eagna-consulting,EagnaConsulting,2018-10-19T06:48:32.298Z
https://www.linkedin.com/company/elastic-co,Elastic,2018-10-19T06:32:46.097Z
https://www.linkedin.com/company/electronic-arts,ElectronicArts(EA),2018-10-19T06:30:24.429Z
https://www.linkedin.com/company/elenium/,EleniumAutomatio,2018-10-19T06:35:05.804Z
https://www.linkedin.com/company/emarsys,Emarsys,2018-10-19T06:48:48.476Z
https://www.linkedin.com/company/ento-com,Ento.com,2018-10-19T06:26:23.421Z
https://www.linkedin.com/company/envato,Envato,2018-10-19T06:42:14.470Z
https://www.linkedin.com/company/epam-systems,EPAMSystems,2018-10-19T06:42:31.195Z
https://www.linkedin.com/company/event-timing-solutions,TimingSolutions,2018-10-19T06:47:15.230Z
https://www.linkedin.com/company/flare-hr,FlareHR,2018-10-19T06:48:31.687Z
https://www.linkedin.com/company/flexera,Flexera,2018-10-19T06:37:44.380Z
https://www.linkedin.com/company/fluxtalent,FluxTalent,2018-10-19T06:36:23.825Z
https://www.linkedin.com/company/fmclarity,FMClarity,2018-10-19T06:33:36.020Z
https://www.linkedin.com/company/fortinet,Fortinet,2018-10-19T06:52:29.732Z
https://www.linkedin.com/company/fusion-professionals,FusionProfessionals,2018-10-19T06:57:33.344Z
https://www.linkedin.com/company/getswift-co,GetSwift,2018-10-19T06:40:24.556Z
https://www.linkedin.com/company/globalx,GlobalX,2018-10-19T06:28:26.389Z
https://www.linkedin.com/company/go-nitro,"Nitro,Inc.",2018-10-19T06:47:03.379Z
https://www.linkedin.com/company/halcyon-knights/,HalcyonKnights-Tech and ExecutiveTalent,2018-10-19T06:26:49.526Z
https://www.linkedin.com/company/hansencx,HansenCX,2018-10-19T06:32:43.184Z
https://www.linkedin.com/company/hotdoc,HotDoc,2018-10-19T06:28:39.193Z
https://www.linkedin.com/company/hsd-zipper,HSD,2018-10-19T06:35:55.636Z
https://www.linkedin.com/company/ibm,IBM,2018-10-19T06:29:48.379Z
https://www.linkedin.com/company/imperva,Imperva,2018-10-19T06:28:25.793Z
https://www.linkedin.com/company/infosys,Infosys,2018-10-19T06:54:40.433Z
https://www.linkedin.com/company/inoutput,inoutput,2018-10-19T06:31:43.163Z
https://www.linkedin.com/company/intelligent-reach,IntelligentReach,2018-10-19T06:31:01.545Z
https://www.linkedin.com/company/interactive-brokers,Interactive,2018-10-19T06:29:24.943Z
https://www.linkedin.com/company/intercom,Intercom,2018-10-19T06:49:58.993Z
https://www.linkedin.com/company/interpro,InterproPeople,2018-10-19T06:48:40.194Z
https://www.linkedin.com/company/intuit,Intuit,2018-10-19T06:49:23.657Z
https://www.linkedin.com/company/invoice2go,Invoice2go,2018-10-19T06:49:26.427Z
https://www.linkedin.com/company/ippon-australia,IpponAustralia,2018-10-19T06:37:40.720Z
https://www.linkedin.com/company/iress,IRESS,2018-10-19T06:36:16.434Z
https://www.linkedin.com/company/ivanti,Ivanti,2018-10-19T06:33:03.996Z
https://www.linkedin.com/company/john-deere,JohnDeere,2018-10-19T06:54:43.790Z
https://www.linkedin.com/company/kaliba,Kaliba,2018-10-19T06:45:35.821Z
https://www.linkedin.com/company/kaspersky-lab,KasperskyLab,2018-10-19T06:33:43.862Z
https://www.linkedin.com/company/kixeye,KIXEYE,2018-10-19T06:51:08.434Z
https://www.linkedin.com/company/lexer,Lexer,2018-10-19T06:35:37.846Z
https://www.linkedin.com/company/livehire,LiveHire(ASX:LVH),2018-10-19T06:49:27.094Z
https://www.linkedin.com/company/liveperson,LivePerso,2018-10-19T06:32:11.006Z
https://www.linkedin.com/company/livetiles,LiveTiles,2018-10-19T06:54:47.234Z
https://www.linkedin.com/company/manpowergroup,Experis/ManpowerGroup,2018-10-19T06:32:44.091Z
https://www.linkedin.com/company/marketo,Marketo,2018-10-19T06:54:14.557Z
https://www.linkedin.com/company/marketplacer,Marketplacer,2018-10-19T06:37:41.460Z
https://www.linkedin.com/company/mcafee/,McAfee,2018-10-19T06:52:53.642Z
https://www.linkedin.com/company/mcs-consulting,MCSConsulting,2018-10-19T06:56:21.814Z
https://www.linkedin.com/company/meltwater-group,Meltwater,2018-10-19T06:58:05.170Z
https://www.linkedin.com/company/microchannel-,MicroChannel,2018-10-19T06:56:28.652Z
https://www.linkedin.com/company/microsoft,Microsoft,2018-10-19T06:32:11.783Z
https://www.linkedin.com/company/mobileiron,MobileIro,2018-10-19T06:33:36.701Z
https://www.linkedin.com/company/myer,MYER,2018-10-19T06:45:09.223Z
https://www.linkedin.com/company/myob,MYOB,2018-10-19T06:26:31.456Z
https://www.linkedin.com/company/ncr-corporation,NCRCorporatio,2018-10-19T06:56:25.323Z
https://www.linkedin.com/company/netapp,NetApp,2018-10-19T06:38:26.691Z
https://www.linkedin.com/company/netsuite,NetSuite,2018-10-19T06:35:02.996Z
https://www.linkedin.com/company/network-international,NetworkInternational,2018-10-19T06:54:16.107Z
https://www.linkedin.com/company/nintex,Nintex,2018-10-19T06:27:38.910Z
https://www.linkedin.com/company/ocean-software,OceanSoftware,2018-10-19T06:32:10.136Z
https://www.linkedin.com/company/officeworks,Officeworks,2018-10-19T06:38:13.775Z
https://www.linkedin.com/company/one-identity?trkInfo=clickedVertical%3Acompany%2CclickedEntityId%3A10968029%2Cidx%3A4-1-9%2CtarId%3A1485887330309%2Ctas%3Aone%20ide,OneIdentity,2018-10-19T06:40:16.136Z
https://www.linkedin.com/company/oracle,Oracle,2018-10-19T06:57:58.664Z
https://www.linkedin.com/company/papercut-software,PaperCutSoftware,2018-10-19T06:43:48.171Z
https://www.linkedin.com/company/paxus,Paxus-Technology+DigitalTalent,2018-10-19T06:48:18.247Z
https://www.linkedin.com/company/peoplebank,Peoplebank,2018-10-19T06:26:45.580Z
https://www.linkedin.com/company/perkinelmer,"PerkinElmer,Inc.",2018-10-19T06:49:28.105Z
https://www.linkedin.com/company/pexa,PropertyExchangeAustraliaLtd(PEXA),2018-10-19T06:39:46.747Z
https://www.linkedin.com/company/polyglot-group,PolyglotGroup,2018-10-19T06:44:27.833Z
https://www.linkedin.com/company/power-data,PowerData,2018-10-19T06:36:37.348Z
https://www.linkedin.com/company/preactarecruitment,PreactaRecruitment,2018-10-19T06:42:34.744Z
https://www.linkedin.com/company/pure-storage,PureStorage,2018-10-19T06:46:55.289Z
https://www.linkedin.com/company/quest-software,QuestSoftware,2018-10-19T06:29:26.157Z
https://www.linkedin.com/company/quintiq/,"Quintiq,aDassaultSyst\\xe8mescompany",2018-10-19T06:32:05.813Z
https://www.linkedin.com/company/rate-my-agent,RateMyAgentAustralia,2018-10-19T06:30:13.203Z
https://www.linkedin.com/company/readify,Readify,2018-10-19T06:58:05.756Z
https://www.linkedin.com/company/recruiting-in-motion,MotionRecruitment,2018-10-19T06:47:38.215Z
https://www.linkedin.com/company/redwolf-consulting,Redwolf+Rosch,2018-10-19T06:38:33.588Z
https://www.linkedin.com/company/retail-directions,RetailDirections,2018-10-19T06:31:20.731Z
https://www.linkedin.com/company/reveal-group,RevealGroup,2018-10-19T06:52:50.439Z
https://www.linkedin.com/company/revelthat,Revelthat,2018-10-19T06:33:51.321Z
https://www.linkedin.com/company/rezdy,Rezdy,2018-10-19T06:43:08.602Z
https://www.linkedin.com/company/rxpservices,RXPServices,2018-10-19T06:32:28.929Z
https://www.linkedin.com/company/safetyculture-pty-ltd,SafetyCulture,2018-10-19T06:43:09.231Z
https://www.linkedin.com/company/salesforce,Salesforce,2018-10-19T06:30:16.953Z
https://www.linkedin.com/company/salestribe.com,SalesTribe,2018-10-19T06:46:56.250Z
https://www.linkedin.com/company/saltworth/,Saltworth\\xae,2018-10-19T06:57:08.984Z
https://www.linkedin.com/company/scalex-ai,SCALEai,2018-10-19T06:43:30.684Z
https://www.linkedin.com/company/silver-peak-systems,SilverPeak,2018-10-19T06:45:28.236Z
https://www.linkedin.com/company/silverpond-pty-ltd,Silverpond,2018-10-19T06:40:16.948Z
https://www.linkedin.com/company/sirius-people,SiriusPeople,2018-10-19T06:36:13.168Z
https://www.linkedin.com/company/siteminder,SiteMinder,2018-10-19T06:43:13.190Z
https://www.linkedin.com/company/soti,SOTI,2018-10-19T06:47:07.633Z
https://www.linkedin.com/company/sparkbeyond,SparkBeyond,2018-10-19T06:28:43.495Z
https://www.linkedin.com/company/splashbox,Splashbox,2018-10-19T06:31:46.701Z
https://www.linkedin.com/company/spotlight-reporting-limited,SpotlightReporting,2018-10-19T06:50:07.285Z
https://www.linkedin.com/company/squiz,Squiz,2018-10-19T06:54:33.250Z
https://www.linkedin.com/company/state-of-matter,StateofMatter,2018-10-19T06:28:51.115Z
https://www.linkedin.com/company/stream-consulting-group,StreamConsultingGroup,2018-10-19T06:47:28.441Z
https://www.linkedin.com/company/sumtotal-systems,"SumTotalSystems,LLC",2018-10-19T06:44:28.789Z
https://www.linkedin.com/company/synechron,Synechro,2018-10-19T06:43:45.220Z
https://www.linkedin.com/company/systemize-consulting,SystemizeConsulting,2018-10-19T06:28:02.936Z
https://www.linkedin.com/company/tableau-software,TableauSoftware,2018-10-19T06:52:47.257Z
https://www.linkedin.com/company/talend,Talend,2018-10-19T06:27:42.338Z
https://www.linkedin.com/company/talent-international/,Talent,2018-10-19T06:45:27.395Z
https://www.linkedin.com/company/talihealth,TALIHealth,2018-10-19T06:56:45.451Z
https://www.linkedin.com/company/temenos,Temenos,2018-10-19T06:32:42.336Z
https://www.linkedin.com/company/the-iconic,THEICONIC,2018-10-19T06:49:15.710Z
https://www.linkedin.com/company/toshiba,Toshiba,2018-10-19T06:54:29.935Z
https://www.linkedin.com/company/tundra-process-solutions,Tundra,2018-10-19T06:53:51.950Z
https://www.linkedin.com/company/tyro-payments,TyroPayments,2018-10-19T06:54:15.403Z
https://www.linkedin.com/company/uber-com,Uber,2018-10-19T06:49:12.213Z
https://www.linkedin.com/company/uipath,UiPath,2018-10-19T06:46:54.655Z
https://www.linkedin.com/company/ultradata,Ultradata,2018-10-19T06:26:53.366Z
https://www.linkedin.com/company/unico,UnicoComputerSystemsPtyLtd.,2018-10-19T06:28:40.082Z
https://www.linkedin.com/company/veeva-systems,VeevaSystems,2018-10-19T06:43:10.060Z
https://www.linkedin.com/company/verizon-connect,VerizonConnect,2018-10-19T06:48:47.722Z
https://www.linkedin.com/company/versent,Versent,2018-10-19T06:36:58.653Z
https://www.linkedin.com/company/viostream,Viostream,2018-10-19T06:50:20.069Z
https://www.linkedin.com/company/vitamin-t-,VitaminT,2018-10-19T06:43:41.898Z
https://www.linkedin.com/company/vlocity-inc,Vlocity,2018-10-19T06:32:09.248Z
https://www.linkedin.com/company/vmware,VMware,2018-10-19T06:43:33.798Z
https://www.linkedin.com/company/walker-hamill-australia,WalkerHamillAustralia,2018-10-19T06:38:42.375Z
https://www.linkedin.com/company/weploy,Weploy,2018-10-19T06:51:54.471Z
https://www.linkedin.com/company/white-bay-search,WhiteBaySearch,2018-10-19T06:55:19.767Z
https://www.linkedin.com/company/wise-net-information-systems-pty-ltd,Wisenet,2018-10-19T06:28:54.618Z
https://www.linkedin.com/company/wrike,Wrike,2018-10-19T06:37:22.989Z
https://www.linkedin.com/company/xero,Xero,2018-10-19T06:38:43.331Z
https://www.linkedin.com/company/xpand-group,XpandGroup,2018-10-19T06:50:00.030Z
https://www.linkedin.com/company/zack-group,ZACKGroup,2018-10-19T06:45:49.309Z
https://www.linkedin.com/company/zscaler,Zscaler,2018-10-19T06:34:31.759Z
https://www.linkedin.com/school/deakin-university/,DeakinUniversity,2018-10-19T06:58:08.953Z
linkedinUrl,query,timestamp
