https://au.linkedin.com/company/a-v-immigration-and-careers-consultancy-pvt-ltd,AV Immigrationand Careers Consultancy Pvt Ltd(ApexVisas),2018-10-19T05:01:18.367Z
https://nl.linkedin.com/company/bupa-australia,BupaAustralia and NewZealand,2018-10-19T05:01:41.081Z
https://www.linkedin.com/company/4orward,4orward,2018-10-19T04:52:44.812Z
https://www.linkedin.com/company/accentureaustralia,AccentureAustralia,2018-10-19T05:00:31.672Z
https://www.linkedin.com/company/amp,AMP,2018-10-19T05:12:41.362Z
https://www.linkedin.com/company/anz,ANZ,2018-10-19T04:46:40.460Z
https://www.linkedin.com/company/ao-com,Ao,2018-10-19T05:03:59.423Z
https://www.linkedin.com/company/asic,ASIC,2018-10-19T05:10:19.872Z
https://www.linkedin.com/company/australian-financial-complaints-authority,AustralianFinancialComplaintsAuthority,2018-10-19T05:05:45.094Z
https://www.linkedin.com/company/australiansuper,Australian Super,2018-10-19T04:50:16.527Z
https://www.linkedin.com/company/australian-unity,AustralianUnity,2018-10-19T05:02:20.357Z
https://www.linkedin.com/company/australia-post,Australia Post,2018-10-19T04:48:14.734Z
https://www.linkedin.com/company/baillieu,Baillieu Holst Ltd,2018-10-19T04:46:41.327Z
https://www.linkedin.com/company/bank-of-queensland,Bank of Queensland,2018-10-19T04:56:59.993Z
https://www.linkedin.com/company/bigwave-talent,THEBROKERAGENCY,2018-10-19T04:48:32.456Z
https://www.linkedin.com/company/city-west-water,CityWestWater,2018-10-19T05:04:52.354Z
https://www.linkedin.com/company/corelogicaustralia,CoreLogicAustralia,2018-10-19T05:01:52.805Z
https://www.linkedin.com/company/darebin-city-council,DarebinCityCouncil,2018-10-19T05:01:14.391Z
https://www.linkedin.com/company/deliberatepractice,deliberatepractice,2018-10-19T04:58:36.274Z
https://www.linkedin.com/company/deloitte-australia,Deloitte Australia,2018-10-19T04:44:52.249Z
https://www.linkedin.com/company/dun-&-bradstreet-australia,illionAustraliaandNewZealand,2018-10-19T05:01:06.400Z
https://www.linkedin.com/company/dxctechnology,DXCTechnology,2018-10-19T04:59:08.905Z
https://www.linkedin.com/company/endeavour-foundation,Endeavour Foundatio,2018-10-19T04:47:18.060Z
https://www.linkedin.com/company/energyaustralia,EnergyAustralia,2018-10-19T05:12:42.400Z
https://www.linkedin.com/company/findex,Findex,2018-10-19T05:00:30.125Z
https://www.linkedin.com/company/fingo-finance-pty-ltd,FingoFinancePtyLtd,2018-10-19T05:01:44.507Z
https://www.linkedin.com/company/forex-capital-trading,Forex Capital Trading(ForexCT),2018-10-19T04:51:31.112Z
https://www.linkedin.com/company/frankston-city-council,Frankston City Council,2018-10-19T04:59:09.864Z
https://www.linkedin.com/company/genworth-financial_2,GenworthAustralia,2018-10-19T05:01:52.054Z
https://www.linkedin.com/company/grant-executive-search,Grant Executive Search,2018-10-19T04:46:38.437Z
https://www.linkedin.com/company/herbert-smith-freehills,HerbertSmithFreehills,2018-10-19T05:02:13.764Z
https://www.linkedin.com/company/hesta-superannuation,HESTA,2018-10-19T04:47:17.487Z
https://www.linkedin.com/company/hostplus,Hostplus,2018-10-19T05:04:16.447Z
https://www.linkedin.com/company/iag,IAG,2018-10-19T04:58:34.682Z
https://www.linkedin.com/company/ibm,IBM,2018-10-19T04:58:33.892Z
https://www.linkedin.com/company/imc-financial-markets,IMCTrading,2018-10-19T05:11:49.664Z
https://www.linkedin.com/company/ing-australia,INGAustralia,2018-10-19T05:09:44.411Z
https://www.linkedin.com/company/intercontinentalexchange-inc-,Intercontinental Exchange,2018-10-19T04:56:10.011Z
https://www.linkedin.com/company/iress,IRESS,2018-10-19T04:55:16.146Z
https://www.linkedin.com/company/jxt,JXTGlobal,2018-10-19T05:11:12.936Z
https://www.linkedin.com/company/kaizen-recruitment,Kaizen Recruitment,2018-10-19T04:52:45.790Z
https://www.linkedin.com/company/kpmg-australia,KPMG Australia,2018-10-19T04:44:29.987Z
https://www.linkedin.com/company/latitude-financial-services,LatitudeFinancialServices,2018-10-19T05:00:16.040Z
https://www.linkedin.com/company/loans-only,LoansOnly,2018-10-19T05:06:36.829Z
https://www.linkedin.com/company/mars-recruitment,MARS Recruitment,2018-10-19T04:50:15.312Z
https://www.linkedin.com/company/me-bank,MEBank,2018-10-19T04:55:17.076Z
https://www.linkedin.com/company/medibank,Medibank,2018-10-19T04:53:22.071Z
https://www.linkedin.com/company/medipass,Medipass,2018-10-19T05:01:09.855Z
https://www.linkedin.com/company/melton-shire-council,Melton City Council,2018-10-19T04:53:21.452Z
https://www.linkedin.com/company/mercer,Mercer,2018-10-19T05:00:48.252Z
https://www.linkedin.com/company/metro-trains-melbourne,MetroTrainsMelbourne,2018-10-19T05:01:20.518Z
https://www.linkedin.com/company/michael-page,MichaelPage,2018-10-19T05:11:49.044Z
https://www.linkedin.com/company/momentum-search-and-selection,MomentumSearchandSelectio,2018-10-19T05:01:24.668Z
https://www.linkedin.com/company/moula,Moula,2018-10-19T04:45:44.805Z
https://www.linkedin.com/company/national-australia-bank,NationalAustraliaBank,2018-10-19T05:02:16.840Z
https://www.linkedin.com/company/northern-trust,NorthernTrustCorporatio,2018-10-19T05:01:47.308Z
https://www.linkedin.com/company/nswplanning,DepartmentofPlanningandEnvironment,2018-10-19T05:01:51.286Z
https://www.linkedin.com/company/paccaraustralia,PACCAR Australia,2018-10-19T04:44:48.006Z
https://www.linkedin.com/company/paxus,Paxus-Technology+DigitalTalent,2018-10-19T05:11:12.216Z
https://www.linkedin.com/company/perpetual-limited,PerpetualLimited,2018-10-19T05:01:55.275Z
https://www.linkedin.com/company/porterallen,Porteralle,2018-10-19T04:58:36.790Z
https://www.linkedin.com/company/publicis.sapient,Publicis.Sapient,2018-10-19T04:58:35.740Z
https://www.linkedin.com/company/pwc-australia,PwCAustralia,2018-10-19T05:00:11.186Z
https://www.linkedin.com/company/qantas,Qantas,2018-10-19T05:13:35.060Z
https://www.linkedin.com/company/qbe,QBE Insurance,2018-10-19T04:46:39.736Z
https://www.linkedin.com/company/quest-software,QuestSoftware,2018-10-19T05:00:08.663Z
https://www.linkedin.com/company/recruiting-in-motion,MotionRecruitment,2018-10-19T05:09:43.938Z
https://www.linkedin.com/company/ruralco-holdings-limited,Ruralco Holdings Limited-Australian Agribusiness,2018-10-19T05:00:33.700Z
https://www.linkedin.com/company/sgfleet,sgfleet,2018-10-19T05:08:08.998Z
https://www.linkedin.com/company/shk?trkInfo=clickedVertical%3Acompany%2Cidx%3A3-1-7%2CtarId%3A1427426423021%2Ctas%3Ashk,SHKAsiaPacific,2018-10-19T05:00:47.353Z
https://www.linkedin.com/company/six-degrees-executive,Six Degrees Executive,2018-10-19T04:56:46.337Z
https://www.linkedin.com/company/slater-&-gordon,Slaterand Gordon Lawyers,2018-10-19T04:56:28.927Z
https://www.linkedin.com/company/startcon-australia,StartFinanceAustralia,2018-10-19T05:08:45.151Z
https://www.linkedin.com/company/suncorp,Suncorp Group,2018-10-19T04:53:39.551Z
https://www.linkedin.com/company/thinkmarkets,ThinkMarkets,2018-10-19T05:00:13.860Z
https://www.linkedin.com/company/think-talent-pty-ltd,ThinkTalentPtyLtd,2018-10-19T05:01:45.072Z
https://www.linkedin.com/company/uca-funds-management,UCAFundsManagement,2018-10-19T05:05:09.420Z
https://www.linkedin.com/company/unisuper,UniSuper,2018-10-19T05:06:54.236Z
https://www.linkedin.com/company/vesparum-capital,Vesparum Capital,2018-10-19T04:57:35.534Z
https://www.linkedin.com/company/vicinity_centres,VicinityCentres,2018-10-19T05:06:54.952Z
https://www.linkedin.com/company/vicroads,Vic Roads,2018-10-19T04:44:51.264Z
https://www.linkedin.com/company/vicsuper,VicSuper,2018-10-19T05:01:22.093Z
https://www.linkedin.com/company/victrack,Vic Track,2018-10-19T04:56:10.956Z
https://www.linkedin.com/company/walker-hamill-australia,Walker Hamill Australia,2018-10-19T04:46:02.348Z
https://www.linkedin.com/company/walsh-and-co,Walsh and Company,2018-10-19T05:01:41.975Z
https://www.linkedin.com/company/westpac,Westpac,2018-10-19T05:09:41.087Z
https://www.linkedin.com/company/westpac-group,WestpacGroup,2018-10-19T05:01:10.423Z
https://www.linkedin.com/company/willis-towers-watson,WillisTowersWatso,2018-10-19T05:01:07.357Z
https://www.linkedin.com/company/zurich.australia,Zurich Financial Services Australia,2018-10-19T04:58:32.757Z
linkedinUrl,query,timestamp
https://www.linkedin.com/company/city-of-melbourne/,City of Melbourne,2018-10-19T05:00:08.164Z
https://www.linkedin.com/company/racv/,RACV,2018-10-19T05:00:10.302Z
https://www.linkedin.com/company/peoplebank/,Peoplebank,2018-10-19T05:00:11.909Z
https://www.linkedin.com/company/careerup-inc./,"CareerUp,Inc.",2018-10-19T05:00:12.894Z
https://www.linkedin.com/showcase/mckinsey-high-tech-media-and-telecom/,McKinsey and Company,2018-10-19T05:00:15.236Z
https://www.linkedin.com/company/knox-city-council/,KnoxCityCouncil,2018-10-19T05:00:16.988Z
https://www.linkedin.com/company/temenos/,Temenos,2018-10-19T05:00:30.913Z
https://www.linkedin.com/company/themcec/,MelbourneConventionandExhibitionCentre,2018-10-19T05:00:32.871Z
https://www.linkedin.com/company/ajilon-australia/,Modis Australia,2018-10-19T05:00:49.063Z
https://www.linkedin.com/company/allianz-australia-limited/,AllianzAustralia,2018-10-19T05:01:03.566Z
https://www.linkedin.com/company/nillumbik-shire-council/,NillumbikShireCouncil,2018-10-19T05:01:04.839Z
https://www.linkedin.com/company/asg_2/,ASG,2018-10-19T05:01:05.648Z
https://www.linkedin.com/company/mcmillan-shakespeare/,McMillanShakespeare(MMSG),2018-10-19T05:01:08.278Z
https://www.linkedin.com/company/hsbc/,HSBC,2018-10-19T05:01:11.330Z
https://www.linkedin.com/company/defencebank/,DefenceBank,2018-10-19T05:01:12.245Z
https://www.linkedin.com/company/bank-of-melbourne/,BankofMelbourne,2018-10-19T05:01:13.025Z
https://www.linkedin.com/company/blue-willow-consulting-ltd/,WillowBlueConsultingPtyLtd,2018-10-19T05:01:13.639Z
https://www.linkedin.com/company/state-trustees/,StateTrustees,2018-10-19T05:01:15.151Z
https://www.linkedin.com/company/probe-group/,PROBEGroup,2018-10-19T05:01:15.913Z
https://www.linkedin.com/company/bluefin-resources/,BluefinResources,2018-10-19T05:01:16.662Z
https://www.linkedin.com/company/robert-half-international/,RobertHalf,2018-10-19T05:01:17.657Z
https://www.linkedin.com/company/horizon-consulting/,HorizonConsulting,2018-10-19T05:01:19.136Z
https://www.linkedin.com/company/ioof/,IOOFHoldingsLtd,2018-10-19T05:01:19.820Z
https://www.linkedin.com/company/cbus-super-fund/,CbusSuperFund,2018-10-19T05:01:21.292Z
https://www.linkedin.com/company/woolworths-group/,WoolworthsGroup,2018-10-19T05:01:22.926Z
https://www.linkedin.com/company/mortgage-choice-croydon/,MortgageChoiceCroydon and MelbourneCBD,2018-10-19T05:01:23.887Z
https://www.linkedin.com/company/city-of-yarra/,YarraCityCouncil,2018-10-19T05:01:25.986Z
https://www.linkedin.com/company/elabor8/,Elabor8,2018-10-19T05:01:26.822Z
https://www.linkedin.com/company/macquariegroup/,MacquarieGroup,2018-10-19T05:01:27.698Z
https://www.linkedin.com/company/marlow-recruitment-marlow-h-r-solutions/,MarlowRecruitment/MarlowH.R.Solutions,2018-10-19T05:01:42.975Z
https://www.linkedin.com/company/recoveriescorp/,recoveriescorp,2018-10-19T05:01:43.850Z
https://www.linkedin.com/company/cor-cordis-chartered-accountants/,CorCordis,2018-10-19T05:01:45.896Z
https://www.linkedin.com/company/crowe-horwath-australia/,CroweHorwathAustralia,2018-10-19T05:01:46.747Z
https://www.linkedin.com/company/bayside-city-council/,BaysideCityCouncil,2018-10-19T05:01:48.160Z
https://www.linkedin.com/company/blackrock/,BlackRock,2018-10-19T05:01:48.929Z
https://www.linkedin.com/company/computershare/,Computershare,2018-10-19T05:01:49.824Z
https://www.linkedin.com/company/vanguard-australia/,VanguardAustralia,2018-10-19T05:01:50.625Z
https://www.linkedin.com/company/aston-carter/,AstonCarter,2018-10-19T05:01:54.487Z
https://www.linkedin.com/company/whitbread/,Whitbread,2018-10-19T05:01:57.000Z
https://www.linkedin.com/company/city-of-canterbury-bankstown/,CityofCanterburyBankstow,2018-10-19T05:02:10.006Z
https://www.linkedin.com/company/trusted-advisor-network-canberra/,TrustedAdvisorNetwork-Canberra,2018-10-19T05:02:11.187Z
https://www.linkedin.com/company/indigenous-business-australia/,IndigenousBusinessAustralia,2018-10-19T05:02:12.070Z
https://www.linkedin.com/company/department-of-economic-development-jobs-transport-and-resources/,"DepartmentofEconomicDevelopment,Jobs,TransportandResources",2018-10-19T05:02:15.318Z
https://www.linkedin.com/company/bgl-corporate-solutions/,BGLCorporateSolutions,2018-10-19T05:02:16.182Z
https://www.linkedin.com/company/finite-it-recruitment-solutions/,FiniteITRecruitmentSolutions,2018-10-19T05:02:17.712Z
https://www.linkedin.com/company/pacpartners/,PACPartners,2018-10-19T05:02:18.638Z
https://www.linkedin.com/company/bankwest/,Bankwest,2018-10-19T05:02:19.413Z
