https://su.linkedin.com/company/correlate-resources?trk=jobs_jserp_job_listing_company_name,CorrelateResources,2018-10-19T05:27:25.647Z
https://www.linkedin.com/company/alexander-grey,AlexanderGrey,2018-10-19T05:27:05.083Z
https://www.linkedin.com/company/attribute-group,AttributeGroup,2018-10-19T05:27:48.037Z
https://www.linkedin.com/company/bendigo-bank,BendigoBank,2018-10-19T05:26:45.944Z
https://www.linkedin.com/company/bta,btaSales,2018-10-19T05:27:48.500Z
https://www.linkedin.com/company/cardinia-shire-council,CardiniaShireCouncil,2018-10-19T05:27:45.372Z
https://www.linkedin.com/company/challenger-limited,ChallengerLimited,2018-10-19T05:27:07.222Z
https://www.linkedin.com/company/flexigroup-limited-fxl-,FlexiGroupLimited(FXL),2018-10-19T05:26:39.695Z
https://www.linkedin.com/company/hamilton-island,HamiltonIsland,2018-10-19T05:27:22.053Z
https://www.linkedin.com/company/hoban-recruitment,HOBAN,2018-10-19T05:28:41.983Z
https://www.linkedin.com/company/interpro,InterproPeople,2018-10-19T05:27:28.860Z
https://www.linkedin.com/company/investwithcri,EolutionInvesting,2018-10-19T05:27:06.373Z
https://www.linkedin.com/company/metcash,Metcash,2018-10-19T05:27:03.153Z
https://www.linkedin.com/company/mjd-executive,MJDExecutive,2018-10-19T05:26:40.893Z
https://www.linkedin.com/company/morningstar,Morningstar,2018-10-19T05:28:43.354Z
https://www.linkedin.com/company/procare-a-s-,"ProCare,a.s.",2018-10-19T05:29:03.443Z
https://www.linkedin.com/company/ratesetter-com,RateSetter,2018-10-19T05:28:22.199Z
https://www.linkedin.com/company/rspcavic,RSPCAVictoria,2018-10-19T05:29:05.747Z
https://www.linkedin.com/company/sai-global,SAIGlobal,2018-10-19T05:27:08.526Z
https://www.linkedin.com/company/st-george-bank,St.GeorgeBank,2018-10-19T05:29:01.970Z
https://www.linkedin.com/company/vicotrian-government,VictorianGovernment,2018-10-19T05:28:20.720Z
https://www.linkedin.com/company/xpand-group,XpandGroup,2018-10-19T05:27:03.798Z
linkedinUrl,query,timestamp
no url,Victoria Police,2018-10-19T05:26:38.910Z
no url,Greenstone Financial Services,2018-10-19T05:26:42.215Z
no url,Scottish Pacific Business Finance,2018-10-19T05:26:43.104Z
no url,Ignite,2018-10-19T05:26:46.746Z
no url,Intuit,2018-10-19T05:26:47.583Z
no url,Invoice2go,2018-10-19T05:27:02.503Z
no url,Qudos Bank,2018-10-19T05:27:04.600Z
no url,Collection House Group,2018-10-19T05:27:08.037Z
no url,TCorp,2018-10-19T05:27:23.495Z
no url,The Adecco Group,2018-10-19T05:27:24.828Z
no url,DFP Recruitment,2018-10-19T05:27:26.828Z
no url,University of Melbourne,2018-10-19T05:27:27.368Z
no url,Quinn Alla,2018-10-19T05:27:28.254Z
no url,Chandler Macleod Group,2018-10-19T05:27:29.723Z
no url,CSG:The Global Talent Experts,2018-10-19T05:27:42.838Z
no url,AIA Australia,2018-10-19T05:27:44.007Z
no url,Future You,2018-10-19T05:27:44.889Z
no url,Carlton and United Breweries,2018-10-19T05:27:46.252Z
no url,Max Cap Group,2018-10-19T05:27:47.236Z
no url,Genuine Parts Company,2018-10-19T05:27:49.522Z
no url,Equity Trustees,2018-10-19T05:27:50.449Z
no url,Munro Footwear Group,2018-10-19T05:28:03.928Z
no url,CPA Australia,2018-10-19T05:28:17.304Z
no url,Spring Professional,2018-10-19T05:28:18.182Z
no url,Tyro Payments,2018-10-19T05:28:18.989Z
no url,Page Executive,2018-10-19T05:28:19.856Z
no url,Recruitment Group Australia Pty Ltd,2018-10-19T05:28:23.158Z
no url,Alter Domus,2018-10-19T05:28:23.960Z
no url,Infosys,2018-10-19T05:28:24.785Z
no url,AveoGroup,2018-10-19T05:28:25.477Z
no url,LotusPeopleAU,2018-10-19T05:28:26.286Z
no url,BankSA,2018-10-19T05:28:27.014Z
no url,OptiverAsiaPacific,2018-10-19T05:28:40.586Z
no url,GBST,2018-10-19T05:28:41.399Z
no url,Chubb,2018-10-19T05:28:42.871Z
no url,APS,2018-10-19T05:28:44.288Z
no url,WilsonSelect,2018-10-19T05:28:45.195Z
no url,AvenirCapital,2018-10-19T05:28:46.167Z
no url,CentricWealth,2018-10-19T05:28:47.036Z
no url,FederalGroup,2018-10-19T05:29:00.185Z
no url,JetstarAirways,2018-10-19T05:29:01.066Z
no url,The Recruitment Alternative,2018-10-19T05:29:02.845Z
no url,NZ Transport Agency,2018-10-19T05:29:04.346Z
no url,Square,2018-10-19T05:29:05.151Z
no url,ADP,2018-10-19T05:29:06.666Z
no url,Auslink Consulting Group,2018-10-19T05:29:07.501Z
no url,Lease Plan Australia,2018-10-19T05:29:08.315Z
no url,Blue Scope,2018-10-19T05:29:09.110Z
